{"position":{"x":12.596816062927246,"y":-0.01022404432296753,"z":1.9823100566864014},"playerId":0,"sessionId":1,"timestamp":15.522622108459473}{"position":{"x":26.227388381958009,"y":0.04202878475189209,"z":1.3371543884277344},"playerId":0,"sessionId":1,"timestamp":17.526979446411134}{"position":{"x":31.48546028137207,"y":0.31665074825286868,"z":-0.07660847157239914},"playerId":0,"sessionId":1,"timestamp":19.529483795166017}{"position":{"x":35.12983703613281,"y":0.4326106309890747,"z":1.6799261569976807},"playerId":0,"sessionId":1,"timestamp":21.535316467285158}{"position":{"x":27.865158081054689,"y":0.3493626117706299,"z":10.80031967163086},"playerId":0,"sessionId":1,"timestamp":23.543394088745118}{"position":{"x":22.770444869995118,"y":3.066133737564087,"z":19.67596435546875},"playerId":0,"sessionId":1,"timestamp":25.557933807373048}{"position":{"x":19.6734561920166,"y":0.6502947807312012,"z":25.495220184326173},"playerId":0,"sessionId":1,"timestamp":27.572093963623048}{"position":{"x":22.241426467895509,"y":0.06177401542663574,"z":22.707365036010743},"playerId":0,"sessionId":1,"timestamp":29.57125473022461}{"position":{"x":26.29254150390625,"y":0.25754642486572268,"z":19.26165199279785},"playerId":0,"sessionId":1,"timestamp":31.57623291015625}{"position":{"x":19.72083282470703,"y":0.416833758354187,"z":22.06627082824707},"playerId":0,"sessionId":1,"timestamp":33.576717376708987}{"position":{"x":19.71027946472168,"y":0.3689589500427246,"z":15.725242614746094},"playerId":0,"sessionId":1,"timestamp":35.58628845214844}