{"position":{"x":32.0,"y":0.36441588401794436,"z":1.0},"playerId":0,"sessionId":1,"timestamp":13.671311378479004}
{"position":{"x":35.27876281738281,"y":0.5730789303779602,"z":-0.3644542098045349},"playerId":0,"sessionId":1,"timestamp":27.228586196899415}
{"position":{"x":31.63637351989746,"y":0.4589189887046814,"z":2.9702470302581789},"playerId":0,"sessionId":1,"timestamp":27.86945915222168}
{"position":{"x":33.09586715698242,"y":0.4287945032119751,"z":0.8206313848495483},"playerId":0,"sessionId":1,"timestamp":27.890071868896486}
{"position":{"x":33.84535598754883,"y":0.4226735830307007,"z":1.516485333442688},"playerId":0,"sessionId":1,"timestamp":27.890718460083009}
{"position":{"x":29.633209228515626,"y":0.7515375018119812,"z":11.643122673034668},"playerId":0,"sessionId":1,"timestamp":32.573631286621097}
{"position":{"x":20.92055892944336,"y":0.7809029221534729,"z":24.644941329956056},"playerId":0,"sessionId":1,"timestamp":35.78791809082031}
{"position":{"x":41.80048751831055,"y":0.45032769441604617,"z":-15.099967002868653},"playerId":0,"sessionId":1,"timestamp":70.78871154785156}
{"position":{"x":40.79521560668945,"y":0.4490426182746887,"z":-16.113988876342775},"playerId":0,"sessionId":1,"timestamp":70.789306640625}
{"position":{"x":39.34954833984375,"y":0.4524269104003906,"z":-15.377581596374512},"playerId":0,"sessionId":1,"timestamp":70.8107681274414}
{"position":{"x":45.44633102416992,"y":0.7055181860923767,"z":-24.234512329101564},"playerId":0,"sessionId":1,"timestamp":72.57140350341797}
{"position":{"x":56.52751541137695,"y":3.988999843597412,"z":-34.09737777709961},"playerId":0,"sessionId":1,"timestamp":85.42881774902344}
{"position":{"x":58.90239715576172,"y":3.988999843597412,"z":-33.84770965576172},"playerId":0,"sessionId":1,"timestamp":85.70860290527344}
{"position":{"x":57.4900016784668,"y":3.988999843597412,"z":-37.59000015258789},"playerId":0,"sessionId":1,"timestamp":86.2484359741211}
{"position":{"x":56.925437927246097,"y":3.988999843597412,"z":-36.61629104614258},"playerId":0,"sessionId":1,"timestamp":89.0489501953125}
