{"position":{"x":31.92413330078125,"y":0.36441582441329958,"z":0.9891762137413025},"playerId":0,"sessionId":1,"timestamp":16.397966384887697}
{"position":{"x":32.095401763916019,"y":0.4739394783973694,"z":-1.6443324089050294},"playerId":0,"sessionId":1,"timestamp":17.375385284423829}
{"position":{"x":33.550838470458987,"y":0.5002410411834717,"z":-0.5294955968856812},"playerId":0,"sessionId":1,"timestamp":17.823808670043947}
{"position":{"x":34.706932067871097,"y":0.5968688726425171,"z":1.806842565536499},"playerId":0,"sessionId":1,"timestamp":19.436832427978517}
{"position":{"x":33.032737731933597,"y":0.41799551248550417,"z":0.938336968421936},"playerId":0,"sessionId":1,"timestamp":20.45828628540039}
{"position":{"x":27.42035675048828,"y":0.4549860954284668,"z":12.684836387634278},"playerId":0,"sessionId":1,"timestamp":22.89533805847168}
{"position":{"x":32.0,"y":0.36441582441329958,"z":1.0},"playerId":0,"sessionId":1,"timestamp":14.42874813079834}
{"position":{"x":33.71017074584961,"y":0.5041171312332153,"z":-0.42599910497665408},"playerId":0,"sessionId":1,"timestamp":15.714287757873536}
{"position":{"x":32.189857482910159,"y":0.4520149827003479,"z":-1.3814877271652222},"playerId":0,"sessionId":1,"timestamp":15.767224311828614}
{"position":{"x":33.658626556396487,"y":0.4346674084663391,"z":1.9211381673812867},"playerId":0,"sessionId":1,"timestamp":19.310213088989259}
{"position":{"x":34.05420684814453,"y":0.42095255851745608,"z":1.9854477643966675},"playerId":0,"sessionId":1,"timestamp":19.7525634765625}
{"position":{"x":27.36945915222168,"y":0.46344858407974245,"z":12.81010913848877},"playerId":0,"sessionId":1,"timestamp":24.14797019958496}
{"position":{"x":20.499725341796876,"y":0.7422608137130737,"z":24.574691772460939},"playerId":0,"sessionId":1,"timestamp":26.8651065826416}
{"position":{"x":43.68946075439453,"y":0.6862460374832153,"z":-16.08771324157715},"playerId":0,"sessionId":1,"timestamp":37.066551208496097}
{"position":{"x":42.35986328125,"y":0.552108645439148,"z":-16.978437423706056},"playerId":0,"sessionId":1,"timestamp":37.767372131347659}
{"position":{"x":39.784912109375,"y":0.6133863925933838,"z":-18.504436492919923},"playerId":0,"sessionId":1,"timestamp":38.44892120361328}
{"position":{"x":50.85539627075195,"y":0.24943757057189942,"z":-25.956409454345704},"playerId":0,"sessionId":1,"timestamp":41.06674575805664}
