{"position":{"x":32.0,"y":0.36441588401794436,"z":1.0},"playerId":0,"sessionId":1,"timestamp":13.671311378479004}
{"position":{"x":35.27876281738281,"y":0.5730789303779602,"z":-0.3644542098045349},"playerId":0,"sessionId":1,"timestamp":27.228586196899415}
{"position":{"x":31.63637351989746,"y":0.4589189887046814,"z":2.9702470302581789},"playerId":0,"sessionId":1,"timestamp":27.86945915222168}
{"position":{"x":33.09586715698242,"y":0.4287945032119751,"z":0.8206313848495483},"playerId":0,"sessionId":1,"timestamp":27.890071868896486}
{"position":{"x":33.84535598754883,"y":0.4226735830307007,"z":1.516485333442688},"playerId":0,"sessionId":1,"timestamp":27.890718460083009}
{"position":{"x":29.633209228515626,"y":0.7515375018119812,"z":11.643122673034668},"playerId":0,"sessionId":1,"timestamp":32.573631286621097}
{"position":{"x":20.92055892944336,"y":0.7809029221534729,"z":24.644941329956056},"playerId":0,"sessionId":1,"timestamp":35.78791809082031}
{"position":{"x":41.80048751831055,"y":0.45032769441604617,"z":-15.099967002868653},"playerId":0,"sessionId":1,"timestamp":70.78871154785156}
{"position":{"x":40.79521560668945,"y":0.4490426182746887,"z":-16.113988876342775},"playerId":0,"sessionId":1,"timestamp":70.789306640625}
{"position":{"x":39.34954833984375,"y":0.4524269104003906,"z":-15.377581596374512},"playerId":0,"sessionId":1,"timestamp":70.8107681274414}
{"position":{"x":45.44633102416992,"y":0.7055181860923767,"z":-24.234512329101564},"playerId":0,"sessionId":1,"timestamp":72.57140350341797}
{"position":{"x":56.52751541137695,"y":3.988999843597412,"z":-34.09737777709961},"playerId":0,"sessionId":1,"timestamp":85.42881774902344}
{"position":{"x":58.90239715576172,"y":3.988999843597412,"z":-33.84770965576172},"playerId":0,"sessionId":1,"timestamp":85.70860290527344}
{"position":{"x":57.4900016784668,"y":3.988999843597412,"z":-37.59000015258789},"playerId":0,"sessionId":1,"timestamp":86.2484359741211}
{"position":{"x":56.925437927246097,"y":3.988999843597412,"z":-36.61629104614258},"playerId":0,"sessionId":1,"timestamp":89.0489501953125}
{"position":{"x":30.82899284362793,"y":0.38811057806015017,"z":-2.673666477203369},"playerId":0,"sessionId":0,"timestamp":14.801450729370118}
{"position":{"x":34.16518020629883,"y":0.5552414059638977,"z":-1.2814297676086426},"playerId":0,"sessionId":0,"timestamp":15.037493705749512}
{"position":{"x":30.71715545654297,"y":0.36441582441329958,"z":0.35048219561576846},"playerId":0,"sessionId":0,"timestamp":15.07941722869873}
{"position":{"x":34.690773010253909,"y":0.5902242064476013,"z":2.860987901687622},"playerId":0,"sessionId":0,"timestamp":16.679868698120118}
{"position":{"x":35.64434814453125,"y":0.6784298419952393,"z":1.8046613931655884},"playerId":0,"sessionId":0,"timestamp":16.69852638244629}
{"position":{"x":41.2093391418457,"y":0.5284823179244995,"z":-17.10267448425293},"playerId":0,"sessionId":0,"timestamp":20.859554290771486}
{"position":{"x":40.30556106567383,"y":0.5456880331039429,"z":-16.95244026184082},"playerId":0,"sessionId":0,"timestamp":22.57991600036621}
{"position":{"x":50.52928161621094,"y":0.2691260278224945,"z":-25.342693328857423},"playerId":0,"sessionId":0,"timestamp":25.319910049438478}
{"position":{"x":49.65531921386719,"y":0.39831387996673586,"z":-22.1760196685791},"playerId":0,"sessionId":0,"timestamp":27.279565811157228}
{"position":{"x":57.75361633300781,"y":3.988999843597412,"z":-33.736228942871097},"playerId":0,"sessionId":0,"timestamp":31.857860565185548}
{"position":{"x":58.0760383605957,"y":3.988999843597412,"z":-35.77701950073242},"playerId":0,"sessionId":0,"timestamp":32.40845489501953}
{"position":{"x":57.4900016784668,"y":4.032588958740234,"z":-37.59000015258789},"playerId":0,"sessionId":0,"timestamp":33.757713317871097}
{"position":{"x":56.72176742553711,"y":3.988999843597412,"z":-35.337520599365237},"playerId":0,"sessionId":0,"timestamp":34.81719970703125}
{"position":{"x":32.0,"y":0.36441588401794436,"z":1.0},"playerId":0,"sessionId":1,"timestamp":14.641712188720704}
{"position":{"x":31.870819091796876,"y":0.5018647313117981,"z":-2.4924347400665285},"playerId":0,"sessionId":1,"timestamp":15.266441345214844}
{"position":{"x":33.4660530090332,"y":0.5004078149795532,"z":0.11688805371522904},"playerId":0,"sessionId":1,"timestamp":15.790356636047364}
{"position":{"x":35.16562271118164,"y":0.6714751720428467,"z":2.816563367843628},"playerId":0,"sessionId":1,"timestamp":17.485353469848634}
{"position":{"x":32.34908676147461,"y":0.4206050634384155,"z":0.23761969804763795},"playerId":0,"sessionId":1,"timestamp":18.445270538330079}
{"position":{"x":32.0,"y":0.36441582441329958,"z":0.9999999403953552},"playerId":0,"sessionId":0,"timestamp":15.38344669342041}
{"position":{"x":32.0774040222168,"y":0.48358750343322756,"z":-2.182159423828125},"playerId":0,"sessionId":0,"timestamp":15.921342849731446}
{"position":{"x":33.544403076171878,"y":0.4988493323326111,"z":-0.8092620968818665},"playerId":0,"sessionId":0,"timestamp":16.461668014526368}
{"position":{"x":33.978885650634769,"y":0.484752893447876,"z":2.4792277812957765},"playerId":0,"sessionId":0,"timestamp":19.001739501953126}
{"position":{"x":32.10527038574219,"y":0.4033581018447876,"z":0.6323187947273254},"playerId":0,"sessionId":0,"timestamp":19.02332878112793}
{"position":{"x":27.776443481445314,"y":0.4785318374633789,"z":12.595827102661133},"playerId":0,"sessionId":0,"timestamp":22.402957916259767}
{"position":{"x":23.118684768676759,"y":0.30967003107070925,"z":23.913162231445314},"playerId":0,"sessionId":0,"timestamp":25.66298484802246}
{"position":{"x":43.78227615356445,"y":0.689945638179779,"z":-15.077956199645996},"playerId":0,"sessionId":0,"timestamp":54.30188751220703}
{"position":{"x":40.121150970458987,"y":0.47977328300476076,"z":-16.40024185180664},"playerId":0,"sessionId":0,"timestamp":55.96083068847656}
{"position":{"x":42.45663070678711,"y":0.4489174485206604,"z":-15.998489379882813},"playerId":0,"sessionId":0,"timestamp":58.32357406616211}
{"position":{"x":59.25358963012695,"y":3.988999843597412,"z":-30.614490509033204},"playerId":0,"sessionId":0,"timestamp":63.49998474121094}
{"position":{"x":57.62211608886719,"y":3.988999843597412,"z":-32.705772399902347},"playerId":0,"sessionId":0,"timestamp":64.22509765625}
{"position":{"x":58.9737434387207,"y":3.988999843597412,"z":-34.55348205566406},"playerId":0,"sessionId":0,"timestamp":65.3802261352539}
{"position":{"x":57.4900016784668,"y":4.032480239868164,"z":-37.59000015258789},"playerId":0,"sessionId":0,"timestamp":66.48136901855469}
{"position":{"x":58.54420852661133,"y":3.988999843597412,"z":-33.817195892333987},"playerId":0,"sessionId":0,"timestamp":67.6614761352539}
{"position":{"x":31.9056396484375,"y":0.5579877495765686,"z":-2.6516101360321047},"playerId":0,"sessionId":1,"timestamp":13.997865676879883}
{"position":{"x":34.06974792480469,"y":0.5066955089569092,"z":-0.9821037650108337},"playerId":0,"sessionId":1,"timestamp":14.215688705444336}
{"position":{"x":29.87540626525879,"y":0.28895020484924319,"z":-1.521295428276062},"playerId":0,"sessionId":1,"timestamp":15.294461250305176}
{"position":{"x":31.75644874572754,"y":0.4009021520614624,"z":1.5479212999343873},"playerId":0,"sessionId":1,"timestamp":16.632625579833986}
{"position":{"x":30.695392608642579,"y":0.353854775428772,"z":-0.17183643579483033},"playerId":0,"sessionId":1,"timestamp":16.633169174194337}
{"position":{"x":44.64485168457031,"y":0.7411103844642639,"z":-15.171135902404786},"playerId":0,"sessionId":2,"timestamp":24.469655990600587}
{"position":{"x":45.23532485961914,"y":0.7982193231582642,"z":-16.387453079223634},"playerId":0,"sessionId":2,"timestamp":25.953638076782228}
{"position":{"x":43.61000061035156,"y":0.46796363592147829,"z":-16.280439376831056},"playerId":0,"sessionId":2,"timestamp":26.152376174926759}
{"position":{"x":45.1033821105957,"y":0.6045809984207153,"z":-15.293611526489258},"playerId":0,"sessionId":2,"timestamp":26.2126522064209}
{"position":{"x":41.371124267578128,