{"position":{"x":42.06139373779297,"y":0.3871973752975464,"z":-17.372901916503908},"playerId":0,"sessionId":1,"timestamp":63.03007125854492}
