{"position":{"x":33.49845504760742,"y":0.2989768981933594,"z":1.3575905561447144},"playerId":0,"sessionId":1,"timestamp":15.409588813781739}
{"position":{"x":33.49845504760742,"y":0.2989768981933594,"z":1.3575905561447144},"playerId":0,"sessionId":1,"timestamp":20.41166877746582}
{"position":{"x":33.49845504760742,"y":0.2989768981933594,"z":1.3575905561447144},"playerId":0,"sessionId":1,"timestamp":25.432397842407228}
{"position":{"x":42.06139373779297,"y":0.3871973752975464,"z":-17.372901916503908},"playerId":0,"sessionId":1,"timestamp":58.01019287109375}
{"position":{"x":58.88330078125,"y":3.9826855659484865,"z":-33.46782302856445},"playerId":0,"sessionId":1,"timestamp":84.65155029296875}
