{"position":{"x":43.66536331176758,"y":0.6000654697418213,"z":-17.706153869628908},"playerId":0,"sessionId":1,"timestamp":44.13833236694336}
