{"position":{"x":13.192910194396973,"y":-0.013312280178070069,"z":1.8055742979049683},"playerId":0,"sessionId":1,"timestamp":11.407246589660645}
{"position":{"x":28.488842010498048,"y":0.10588717460632324,"z":1.5311391353607178},"playerId":0,"sessionId":1,"timestamp":13.410649299621582}
{"position":{"x":33.49845504760742,"y":0.2989768981933594,"z":1.3575905561447144},"playerId":0,"sessionId":1,"timestamp":15.415960311889649}
{"position":{"x":33.49845504760742,"y":0.2989768981933594,"z":1.3575905561447144},"playerId":0,"sessionId":1,"timestamp":17.417707443237306}
{"position":{"x":33.49845504760742,"y":0.2989768981933594,"z":1.3575905561447144},"playerId":0,"sessionId":1,"timestamp":19.417865753173829}
{"position":{"x":33.49845504760742,"y":0.2989768981933594,"z":1.3575905561447144},"playerId":0,"sessionId":1,"timestamp":21.419553756713868}
{"position":{"x":33.49845504760742,"y":0.2989768981933594,"z":1.3575905561447144},"playerId":0,"sessionId":1,"timestamp":23.420177459716798}
{"position":{"x":33.49845504760742,"y":0.2989768981933594,"z":1.3575905561447144},"playerId":0,"sessionId":1,"timestamp":25.425189971923829}
{"position":{"x":33.6671257019043,"y":0.30199646949768069,"z":1.351617693901062},"playerId":0,"sessionId":1,"timestamp":27.426488876342775}
{"position":{"x":32.76214599609375,"y":0.2902500629425049,"z":2.0607869625091554},"playerId":0,"sessionId":1,"timestamp":29.42999839782715}
{"position":{"x":28.417078018188478,"y":0.34196019172668459,"z":12.757231712341309},"playerId":0,"sessionId":1,"timestamp":31.430686950683595}
{"position":{"x":31.883270263671876,"y":0.38376903533935549,"z":16.406272888183595},"playerId":0,"sessionId":1,"timestamp":33.43254089355469}
{"position":{"x":23.417673110961915,"y":0.15653085708618165,"z":23.38699722290039},"playerId":0,"sessionId":1,"timestamp":35.43296432495117}
{"position":{"x":22.106586456298829,"y":0.378167986869812,"z":15.817774772644043},"playerId":0,"sessionId":1,"timestamp":37.436256408691409}
{"position":{"x":27.024349212646486,"y":-0.33344000577926638,"z":3.390298366546631},"playerId":0,"sessionId":1,"timestamp":39.43849563598633}
{"position":{"x":30.163454055786134,"y":0.24229562282562257,"z":-1.2904969453811646},"playerId":0,"sessionId":1,"timestamp":41.43960952758789}
{"position":{"x":25.87244987487793,"y":-0.01100301742553711,"z":-6.992404937744141},"playerId":0,"sessionId":1,"timestamp":43.44263458251953}
{"position":{"x":28.590221405029298,"y":0.8729137182235718,"z":3.9346139430999758},"playerId":0,"sessionId":1,"timestamp":45.44438171386719}
{"position":{"x":21.916549682617189,"y":0.5972446203231812,"z":14.332932472229004},"playerId":0,"sessionId":1,"timestamp":47.44507598876953}
{"position":{"x":16.028888702392579,"y":2.357516050338745,"z":18.745620727539064},"playerId":0,"sessionId":1,"timestamp":49.44626998901367}
{"position":{"x":23.879377365112306,"y":0.2130880355834961,"z":19.85926055908203},"playerId":0,"sessionId":1,"timestamp":51.4505729675293}
{"position":{"x":36.10851287841797,"y":0.07432270050048828,"z":11.719047546386719},"playerId":0,"sessionId":1,"timestamp":53.451026916503909}
{"position":{"x":37.69513702392578,"y":0.624467134475708,"z":-2.5275492668151857},"playerId":0,"sessionId":1,"timestamp":55.455848693847659}
{"position":{"x":42.93718338012695,"y":0.4624429941177368,"z":-13.26075267791748},"playerId":0,"sessionId":1,"timestamp":57.458003997802737}
{"position":{"x":42.06139373779297,"y":0.3871973752975464,"z":-17.372901916503908},"playerId":0,"sessionId":1,"timestamp":59.45845413208008}
{"position":{"x":42.06139373779297,"y":0.3871973752975464,"z":-17.372901916503908},"playerId":0,"sessionId":1,"timestamp":61.4583740234375}
{"position":{"x":42.06139373779297,"y":0.3871973752975464,"z":-17.372901916503908},"playerId":0,"sessionId":1,"timestamp":63.45888137817383}
{"position":{"x":26.0,"y":0.47200000286102297,"z":1.0},"playerId":0,"sessionId":1,"timestamp":65.46049499511719}
{"position":{"x":26.782978057861329,"y":0.08777910470962525,"z":0.3849950134754181},"playerId":0,"sessionId":1,"timestamp":67.46263885498047}
{"position":{"x":36.47779083251953,"y":1.3069238662719727,"z":-10.980202674865723},"playerId":0,"sessionId":1,"timestamp":69.46309661865235}
{"position":{"x":40.82304000854492,"y":0.3220829963684082,"z":-15.973844528198243},"playerId":0,"sessionId":1,"timestamp":71.46345520019531}
{"position":{"x":41.24493408203125,"y":0.7018997669219971,"z":-24.644376754760743},"playerId":0,"sessionId":1,"timestamp":73.4699478149414}
{"position":{"x":41.64045715332031,"y":0.40920424461364748,"z":-28.094985961914064},"playerId":0,"sessionId":1,"timestamp":75.4715805053711}
{"position":{"x":54.75128936767578,"y":0.9369782209396362,"z":-24.199556350708009},"playerId":0,"sessionId":1,"timestamp":77.47110748291016}
{"position":{"x":66.57147979736328,"y":1.112706184387207,"z":-24.49950408935547},"playerId":0,"sessionId":1,"timestamp":79.47405242919922}
{"position":{"x":60.02171325683594,"y":1.560859203338623,"z":-26.513607025146486},"playerId":0,"sessionId":1,"timestamp":81.47525024414063}
{"position":{"x":61.276302337646487,"y":2.2965428829193117,"z":-27.871551513671876},"playerId":0,"sessionId":1,"timestamp":83.4758529663086}
{"position":{"x":58.54750061035156,"y":3.982685089111328,"z":-33.77274703979492},"playerId":0,"sessionId":1,"timestamp":85.47860717773438}
{"position":{"x":54.89617919921875,"y":3.982685089111328,"z":-36.576438903808597},"playerId":0,"sessionId":1,"timestamp":87.47884368896485}
{"position":{"x":58.231014251708987,"y":3.9826855659484865,"z":-35.960933685302737},"playerId":0,"sessionId":1,"timestamp":89.48233795166016}
{"position":{"x":55.08403778076172,"y":5.232000827789307,"z":-21.570384979248048},"playerId":0,"sessionId":1,"timestamp":91.48345184326172}
{"position":{"x":55.13254165649414,"y":0.02660083770751953,"z":-8.136151313781739},"playerId":0,"sessionId":1,"timestamp":93.48577880859375}
{"position":{"x":62.704917907714847,"y":0.4071894884109497,"z":0.936231255531311},"playerId":0,"sessionId":1,"timestamp":95.48766326904297}
{"position":{"x":70.7344741821289,"y":4.0,"z":-4.588261604309082},"playerId":0,"sessionId":1,"timestamp":97.4888687133789}
{"position":{"x":70.6272201538086,"y":3.982685089111328,"z":6.204913139343262},"playerId":0,"sessionId":1,"timestamp":99.49015808105469}
{"position":{"x":72.3829345703125,"y":5.814685821533203,"z":6.362597942352295},"playerId":0,"sessionId":1,"timestamp":101.49079132080078}
{"position":{"x":76.01439666748047,"y":4.0,"z":6.560401439666748},"playerId":0,"sessionId":1,"timestamp":103.49162292480469}
{"position":{"x":81.20771789550781,"y":5.982685565948486,"z":6.711669445037842},"playerId":0,"sessionId":1,"timestamp":105.49203491210938}
{"position":{"x":91.6661605834961,"y":3.980466842651367,"z":6.722361087799072},"playerId":0,"sessionId":1,"timestamp":107.49403381347656}
{"position":{"x":92.22737121582031,"y":3.9811038970947267,"z":6.192236423492432},"playerId":0,"sessionId":1,"timestamp":109.4952163696289}
{"position":{"x":92.22737121582031,"y":3.9811038970947267,"z":6.192236423492432},"playerId":0,"sessionId":1,"timestamp":111.49565887451172}
{"position":{"x":92.22737121582031,"y":3.9811038970947267,"z":6.192236423492432},"playerId":0,"sessionId":1,"timestamp":113.49706268310547}
{"position":{"x":83.13801574707031,"y":0.28431570529937746,"z":6.86021614074707},"playerId":0,"sessionId":1,"timestamp":115.49707794189453}
{"position":{"x":83.13801574707031,"y":0.28431570529937746,"z":6.86021614074707},"playerId":0,"sessionId":1,"timestamp":117.49825286865235}
{"position":{"x":92.0,"y":3.980844020843506,"z":7.0},"playerId":0,"sessionId":1,"timestamp":119.49845886230469}
{"position":{"x":92.0,"y":3.980844020843506,"z":7.0},"playerId":0,"sessionId":1,"timestamp":121.49949645996094}
{"position":{"x":92.0,"y":3.980844020843506,"z":7.0},"playerId":0,"sessionId":1,"timestamp":123.50041198730469}
{"position":{"x":86.39991760253906,"y":6.235026836395264,"z":7.349934101104736},"playerId":0,"sessionId":1,