{"position":{"x":33.49845504760742,"y":0.2989768981933594,"z":1.3575905561447144},"playerId":0,"sessionId":1,"timestamp":15.409588813781739}
{"position":{"x":33.49845504760742,"y":0.2989768981933594,"z":1.3575905561447144},"playerId":0,"sessionId":1,"timestamp":20.41166877746582}
{"position":{"x":33.49845504760742,"y":0.2989768981933594,"z":1.3575905561447144},"playerId":0,"sessionId":1,"timestamp":25.432397842407228}
{"position":{"x":42.06139373779297,"y":0.3871973752975464,"z":-17.372901916503908},"playerId":0,"sessionId":1,"timestamp":58.01019287109375}
{"position":{"x":58.88330078125,"y":3.9826855659484865,"z":-33.46782302856445},"playerId":0,"sessionId":1,"timestamp":84.65155029296875}
{"position":{"x":42.96952438354492,"y":0.44857943058013918,"z":-14.64529037475586},"playerId":0,"sessionId":0,"timestamp":21.240558624267579}
{"position":{"x":56.61701583862305,"y":3.982685089111328,"z":-34.29934310913086},"playerId":0,"sessionId":0,"timestamp":32.70022201538086}
{"position":{"x":33.146453857421878,"y":0.2857261896133423,"z":1.9838610887527466},"playerId":0,"sessionId":1,"timestamp":16.826904296875}
{"position":{"x":33.381248474121097,"y":0.31152987480163576,"z":2.689317464828491},"playerId":0,"sessionId":0,"timestamp":18.341419219970704}
{"position":{"x":43.0247688293457,"y":0.44268810749053957,"z":-16.0626277923584},"playerId":0,"sessionId":0,"timestamp":55.302486419677737}
{"position":{"x":57.94769287109375,"y":3.9826855659484865,"z":-32.06248092651367},"playerId":0,"sessionId":0,"timestamp":64.2269058227539}
{"position":{"x":44.72629165649414,"y":0.6793735027313232,"z":-16.046571731567384},"playerId":0,"sessionId":2,"timestamp":18.630237579345704}
{"position":{"x":44.9670524597168,"y":0.6393170356750488,"z":-15.607851028442383},"playerId":0,"sessionId":2,"timestamp":23.66578483581543}
