{"position":{"x":33.511749267578128,"y":0.32471632957458498,"z":0.7298427820205689},"playerId":0,"sessionId":1,"timestamp":18.419008255004884}
{"position":{"x":23.385318756103517,"y":0.21699070930480958,"z":20.506439208984376},"playerId":0,"sessionId":1,"timestamp":26.415626525878908}
{"position":{"x":42.703575134277347,"y":0.3437049388885498,"z":-15.419988632202149},"playerId":0,"sessionId":1,"timestamp":33.47987747192383}
{"position":{"x":43.66536331176758,"y":0.6000654697418213,"z":-17.706153869628908},"playerId":0,"sessionId":1,"timestamp":39.118316650390628}
{"position":{"x":33.27248001098633,"y":0.31050217151641848,"z":0.9825890064239502},"playerId":0,"sessionId":1,"timestamp":18.087257385253908}
