{"position":{"x":33.49845504760742,"y":0.2989768981933594,"z":1.3575905561447144},"playerId":0,"sessionId":1,"timestamp":15.409588813781739}
{"position":{"x":33.49845504760742,"y":0.2989768981933594,"z":1.3575905561447144},"playerId":0,"sessionId":1,"timestamp":20.41166877746582}
{"position":{"x":33.49845504760742,"y":0.2989768981933594,"z":1.3575905561447144},"playerId":0,"sessionId":1,"timestamp":25.432397842407228}
{"position":{"x":42.06139373779297,"y":0.3871973752975464,"z":-17.372901916503908},"playerId":0,"sessionId":1,"timestamp":58.01019287109375}
{"position":{"x":58.88330078125,"y":3.9826855659484865,"z":-33.46782302856445},"playerId":0,"sessionId":1,"timestamp":84.65155029296875}
{"position":{"x":42.96952438354492,"y":0.44857943058013918,"z":-14.64529037475586},"playerId":0,"sessionId":0,"timestamp":21.240558624267579}
{"position":{"x":56.61701583862305,"y":3.982685089111328,"z":-34.29934310913086},"playerId":0,"sessionId":0,"timestamp":32.70022201538086}
{"position":{"x":33.146453857421878,"y":0.2857261896133423,"z":1.9838610887527466},"playerId":0,"sessionId":1,"timestamp":16.826904296875}
{"position":{"x":33.381248474121097,"y":0.31152987480163576,"z":2.689317464828491},"playerId":0,"sessionId":0,"timestamp":18.341419219970704}
{"position":{"x":43.0247688293457,"y":0.44268810749053957,"z":-16.0626277923584},"playerId":0,"sessionId":0,"timestamp":55.302486419677737}
{"position":{"x":57.94769287109375,"y":3.9826855659484865,"z":-32.06248092651367},"playerId":0,"sessionId":0,"timestamp":64.2269058227539}
{"position":{"x":44.72629165649414,"y":0.6793735027313232,"z":-16.046571731567384},"playerId":0,"sessionId":2,"timestamp":18.630237579345704}
{"position":{"x":44.9670524597168,"y":0.6393170356750488,"z":-15.607851028442383},"playerId":0,"sessionId":2,"timestamp":23.66578483581543}
{"position":{"x":44.665077209472659,"y":0.5983229875564575,"z":-15.256241798400879},"playerId":0,"sessionId":4,"timestamp":27.826766967773439}
{"position":{"x":48.31391906738281,"y":0.3782111406326294,"z":-16.757368087768556},"playerId":0,"sessionId":4,"timestamp":34.9273796081543}
{"position":{"x":43.81781768798828,"y":0.627700686454773,"z":-16.59328269958496},"playerId":0,"sessionId":4,"timestamp":42.069091796875}
{"position":{"x":44.37624740600586,"y":0.5040565729141235,"z":-13.361010551452637},"playerId":0,"sessionId":4,"timestamp":52.848018646240237}
{"position":{"x":35.645042419433597,"y":0.4606137275695801,"z":0.25255894660949709},"playerId":4,"sessionId":27,"timestamp":25.37647819519043}
{"position":{"x":32.64767074584961,"y":0.339013934135437,"z":-0.8089021444320679},"playerId":1,"sessionId":31,"timestamp":16.428668975830079}
{"position":{"x":20.86152458190918,"y":0.5549200773239136,"z":24.585420608520509},"playerId":1,"sessionId":31,"timestamp":24.128658294677736}
{"position":{"x":57.1429443359375,"y":3.9826855659484865,"z":-33.4930305480957},"playerId":1,"sessionId":31,"timestamp":95.1067886352539}
{"position":{"x":45.58395004272461,"y":0.5169386863708496,"z":-23.628400802612306},"playerId":1,"sessionId":31,"timestamp":108.58985900878906}
{"position":{"x":36.22261047363281,"y":0.47814297676086428,"z":7.08890962600708},"playerId":0,"sessionId":32,"timestamp":17.56781005859375}
{"position":{"x":35.99102020263672,"y":0.5522940158843994,"z":5.691357135772705},"playerId":0,"sessionId":32,"timestamp":23.51133918762207}
{"position":{"x":34.74968719482422,"y":0.4413968324661255,"z":3.4467551708221437},"playerId":1,"sessionId":34,"timestamp":19.497344970703126}
{"position":{"x":21.208736419677736,"y":0.28155040740966799,"z":24.002975463867189},"playerId":1,"sessionId":34,"timestamp":25.036787033081056}
{"position":{"x":45.30439376831055,"y":0.656895637512207,"z":-15.646994590759278},"playerId":1,"sessionId":34,"timestamp":73.71673583984375}
{"position":{"x":28.343320846557618,"y":0.12490665912628174,"z":-6.321043491363525},"playerId":3,"sessionId":35,"timestamp":21.648744583129884}
{"position":{"x":21.199190139770509,"y":0.30653631687164309,"z":24.06440544128418},"playerId":3,"sessionId":36,"timestamp":24.587553024291993}
{"position":{"x":44.771446228027347,"y":0.6179823875427246,"z":-15.488476753234864},"playerId":3,"sessionId":36,"timestamp":55.67208480834961}
{"position":{"x":30.912612915039064,"y":0.24673330783843995,"z":-3.253887414932251},"playerId":4,"sessionId":37,"timestamp":18.854480743408204}
{"position":{"x":44.737548828125,"y":0.619727611541748,"z":-15.5150146484375},"playerId":4,"sessionId":37,"timestamp":63.63068389892578}
{"position":{"x":40.818336486816409,"y":0.40680456161499026,"z":-15.22061538696289},"playerId":4,"sessionId":38,"timestamp":37.89982223510742}
{"position":{"x":21.258630752563478,"y":0.3109825849533081,"z":24.097911834716798},"playerId":3,"sessionId":39,"timestamp":28.612659454345704}
{"position":{"x":35.16171646118164,"y":0.496585488319397,"z":3.458942413330078},"playerId":4,"sessionId":40,"timestamp":18.182086944580079}
{"position":{"x":21.16563606262207,"y":0.31210923194885256,"z":24.06650161743164},"playerId":4,"sessionId":40,"timestamp":24.402355194091798}
{"position":{"x":44.80807876586914,"y":0.5915906429290772,"z":-15.233208656311036},"playerId":4,"sessionId":40,"timestamp":53.11984634399414}
{"position":{"x":21.14826774597168,"y":0.34386634826660159,"z":24.142642974853517},"playerId":4,"sessionId":41,"timestamp":23.59518051147461}
{"position":{"x":45.28736877441406,"y":0.6526516675949097,"z":-15.61589241027832},"playerId":4,"sessionId":41,"timestamp":63.13926696777344}
{"position":{"x":33.04685974121094,"y":0.34587395191192629,"z":-0.570368230342865},"playerId":3,"sessionId":43,"timestamp":17.398347854614259}
{"position":{"x":44.86170959472656,"y":0.6325489282608032,"z":-15.584531784057618},"playerId":0,"sessionId":44,"timestamp":54.39217758178711}
{"position":{"x":34.567787170410159,"y":0.393917441368103,"z":2.857732057571411},"playerId":2,"sessionId":45,"timestamp":19.38443374633789}
{"position":{"x":21.60731315612793,"y":0.4008054733276367,"z":24.460174560546876},"playerId":2,"sessionId":45,"timestamp":26.522239685058595}
{"position":{"x":44.99594497680664,"y":0.5709545612335205,"z":-14.872685432434082},"playerId":2,"sessionId":45,"timestamp":52.92715835571289}
{"position":{"x":28.544143676757814,"y":0.3717935085296631,"z":12.570171356201172},"playerId":1,"sessionId":46,"timestamp":20.812185287475587}
{"position":{"x":41.083038330078128,"y":0.4181044101715088,"z":-19.15349769592285},"playerId":3,"sessionId":47,"timestamp":53.90510559082031}
{"position":{"x":57.0768928527832,"y":3.9826855659484865,"z":-33.74771499633789},"playerId":3,"sessionId":47,"timestamp":58.90603256225586}
{"position":{"x":31.365922927856447,"y":0.30062663555145266,"z":0.8592245578765869},"playerId":1,"sessionId":48,"timestamp":14.147298812866211}
{"position":{"x":56.33189010620117,"y":3.9826855659484865,"z":-35.11543655395508},"playerId":1,"sessionId":48,"timestamp":70.328125}
{"position":{"x":46.636531829833987,"y":0.42632317543029787,"z":-24.6049747467041},"playerId":2,"sessionId":49,"timestamp":55.93389129638672}
{"position":{"x":32.1095085144043,"y":0.5563929080963135,"z":-4.007436275482178},"playerId":2,"sessionId":50,"timestamp":17.323312759399415}
{"position":{"x":21.34023094177246,"y":0.2902745008468628,"z":24.0742130279541},"playerId":2,"sessionId":50,"timestamp":26.05978775024414}
{"position":{"x":45.171836853027347,"y":0.6384924650192261,"z":-15.531865119934082},"playerId":2,"sessionId":51,"timestamp":73.06352996826172}
{"position":{"x":57.2131233215332,"y":3.9826855659484865,"z":-33.49333953857422},"playerId":2,"sessionId":51,"timestamp":79.63914489746094}
{"position":{"x":56.86981201171875,"y":3.9826855659484865,"z":-33.78543472290039},"playerId":0,"sessionId":52,"timestamp":59.360816955566409}
{"position":{"x":34.95034408569336,"y":0.43694186210632326,"z":2.7290878295898439},"playerId":0,"sessionId":53,"timestamp":16.6800594329834}
{"position":{"x":21.326278686523439,"y":0.33999764919281008,"z":24.198320388793947},"playerId":0,