{"position":{"x":11.198179244995118,"y":0.038999974727630618,"z":1.2948018312454224},"playerId":0,"sessionId":1,"timestamp":13.499214172363282}
{"position":{"x":25.61541748046875,"y":0.03142589330673218,"z":0.6681216359138489},"playerId":0,"sessionId":1,"timestamp":15.505088806152344}
{"position":{"x":32.01453399658203,"y":0.32937872409820559,"z":-0.1799001395702362},"playerId":0,"sessionId":1,"timestamp":17.506193161010743}
{"position":{"x":34.48746109008789,"y":0.3779860734939575,"z":1.1335844993591309},"playerId":0,"sessionId":1,"timestamp":19.50884246826172}
{"position":{"x":33.33024215698242,"y":0.34886276721954348,"z":3.7579538822174074},"playerId":0,"sessionId":1,"timestamp":21.511259078979493}
{"position":{"x":26.765663146972658,"y":0.4079287052154541,"z":13.827868461608887},"playerId":0,"sessionId":1,"timestamp":23.523300170898439}
{"position":{"x":23.385318756103517,"y":0.21699070930480958,"z":20.506439208984376},"playerId":0,"sessionId":1,"timestamp":25.526147842407228}
{"position":{"x":24.222797393798829,"y":0.23894762992858888,"z":20.282835006713868},"playerId":0,"sessionId":1,"timestamp":27.536508560180665}
{"position":{"x":29.94365119934082,"y":0.552903413772583,"z":7.05618953704834},"playerId":0,"sessionId":1,"timestamp":29.540721893310548}
{"position":{"x":40.8878173828125,"y":2.4660000801086427,"z":-3.0336191654205324},"playerId":0,"sessionId":1,"timestamp":31.54789161682129}
{"position":{"x":42.703575134277347,"y":0.34370481967926028,"z":-15.419988632202149},"playerId":0,"sessionId":1,"timestamp":33.54792404174805}
{"position":{"x":42.60588836669922,"y":0.40871548652648928,"z":-16.549903869628908},"playerId":0,"sessionId":1,"timestamp":35.55565643310547}
{"position":{"x":43.66536331176758,"y":0.6000654697418213,"z":-17.706153869628908},"playerId":0,"sessionId":1,"timestamp":37.5561637878418}
{"position":{"x":43.66536331176758,"y":0.6000654697418213,"z":-17.706153869628908},"playerId":0,"sessionId":1,"timestamp":39.55644607543945}
{"position":{"x":43.66536331176758,"y":0.6000654697418213,"z":-17.706153869628908},"playerId":0,"sessionId":1,"timestamp":41.56155776977539}
{"position":{"x":43.66536331176758,"y":0.6000654697418213,"z":-17.706153869628908},"playerId":0,"sessionId":1,"timestamp":43.5619010925293}
{"position":{"x":43.66536331176758,"y":0.6000654697418213,"z":-17.706153869628908},"playerId":0,"sessionId":1,"timestamp":45.56193161010742}
{"position":{"x":26.0,"y":0.044837236404418948,"z":1.0},"playerId":0,"sessionId":1,"timestamp":47.56243133544922}
{"position":{"x":12.932792663574219,"y":-0.01208949089050293,"z":1.39217209815979},"playerId":0,"sessionId":1,"timestamp":12.09935474395752}
{"position":{"x":28.181232452392579,"y":0.0999763011932373,"z":0.623272180557251},"playerId":0,"sessionId":1,"timestamp":14.107527732849121}
{"position":{"x":33.00861358642578,"y":0.3340991735458374,"z":0.29530924558639529},"playerId":0,"sessionId":1,"timestamp":16.10779571533203}
{"position":{"x":33.27248001098633,"y":0.31050217151641848,"z":0.9825890064239502},"playerId":0,"sessionId":1,"timestamp":18.109336853027345}
{"position":{"x":33.840518951416019,"y":0.3364032506942749,"z":0.5755072832107544},"playerId":0,"sessionId":1,"timestamp":20.11020278930664}
{"position":{"x":36.44037628173828,"y":0.33731698989868166,"z":8.798412322998047},"playerId":0,"sessionId":1,"timestamp":22.112716674804689}
{"position":{"x":29.537511825561525,"y":0.44858717918395998,"z":12.435775756835938},"playerId":0,"sessionId":1,"timestamp":24.113996505737306}
{"position":{"x":21.93316078186035,"y":0.05330580472946167,"z":18.68174171447754},"playerId":0,"sessionId":1,"timestamp":26.114774703979493}
{"position":{"x":18.78285789489746,"y":0.44230592250823977,"z":23.151432037353517},"playerId":0,"sessionId":1,"timestamp":28.120176315307618}
{"position":{"x":26.697011947631837,"y":0.32517802715301516,"z":16.987388610839845},"playerId":0,"sessionId":1,"timestamp":30.120159149169923}
{"position":{"x":34.73856735229492,"y":0.2570464611053467,"z":16.325326919555665},"playerId":0,"sessionId":1,"timestamp":32.120323181152347}
{"position":{"x":37.847415924072269,"y":0.6641521453857422,"z":1.8653744459152222},"playerId":0,"sessionId":1,"timestamp":34.12082290649414}
{"position":{"x":44.65481948852539,"y":0.21047639846801759,"z":-8.966486930847168},"playerId":0,"sessionId":1,"timestamp":36.1216926574707}
{"position":{"x":42.75666046142578,"y":0.4338712692260742,"z":-16.48276710510254},"playerId":0,"sessionId":1,"timestamp":38.123016357421878}
{"position":{"x":44.983612060546878,"y":0.36233389377593996,"z":-21.43503761291504},"playerId":0,"sessionId":1,"timestamp":40.130455017089847}
{"position":{"x":47.94327163696289,"y":0.178930401802063,"z":-24.660367965698243},"playerId":0,"sessionId":1,"timestamp":42.13212585449219}
