{"position":{"x":42.06139373779297,"y":0.3871973752975464,"z":-17.372901916503908},"playerId":0,"sessionId":1,"timestamp":63.03007125854492}
{"position":{"x":32.11013412475586,"y":0.3139681816101074,"z":0.775702178478241},"playerId":2,"sessionId":50,"timestamp":33.5231819152832}
{"position":{"x":40.003753662109378,"y":0.441257119178772,"z":-16.781091690063478},"playerId":0,"sessionId":51,"timestamp":39.18399429321289}
{"position":{"x":57.139747619628909,"y":3.982685089111328,"z":-35.020912170410159},"playerId":3,"sessionId":53,"timestamp":40.56385803222656}
{"position":{"x":56.931949615478519,"y":3.999999523162842,"z":-28.953372955322267},"playerId":2,"sessionId":54,"timestamp":47.66806411743164}
{"position":{"x":23.13701820373535,"y":0.1918734312057495,"z":20.23855972290039},"playerId":0,"sessionId":57,"timestamp":35.10956954956055}
{"position":{"x":41.820167541503909,"y":0.30117499828338625,"z":-16.66399383544922},"playerId":4,"sessionId":59,"timestamp":34.57210159301758}
{"position":{"x":43.423744201660159,"y":0.5761529207229614,"z":-18.716651916503908},"playerId":4,"sessionId":61,"timestamp":34.908058166503909}
{"position":{"x":56.965389251708987,"y":3.982685089111328,"z":-35.03290939331055},"playerId":1,"sessionId":64,"timestamp":46.7361946105957}
