{"sessionId":0,"sessionStart":2.540548801422119,"sessionEnd":133.81219482421876,"userId":0}
{"sessionId":1,"sessionStart":2.4503743648529054,"sessionEnd":18.742876052856447,"userId":0}
