{"sessionId":0,"sessionStart":2.540548801422119,"sessionEnd":133.81219482421876,"userId":0}
{"sessionId":1,"sessionStart":2.4503743648529054,"sessionEnd":18.742876052856447,"userId":0}
{"sessionId":2,"sessionStart":2.1001977920532228,"sessionEnd":49.34956359863281,"userId":0}
{"sessionId":3,"sessionStart":2.66210675239563,"sessionEnd":5.052488327026367,"userId":0}
{"sessionId":4,"sessionStart":2.5413615703582765,"sessionEnd":62.84284973144531,"userId":0}
{"sessionId":5,"sessionStart":2.7071752548217775,"sessionEnd":3.7619261741638185,"userId":0}
{"sessionId":6,"sessionStart":2.486053705215454,"sessionEnd":14.113604545593262,"userId":0}
{"sessionId":7,"sessionStart":2.6229052543640138,"sessionEnd":3.5234813690185549,"userId":4}
{"sessionId":8,"sessionStart":2.590938091278076,"sessionEnd":3.630153179168701,"userId":1}
{"sessionId":9,"sessionStart":2.467130184173584,"sessionEnd":3.282174825668335,"userId":2}
{"sessionId":10,"sessionStart":2.4559309482574465,"sessionEnd":3.2733747959136965,"userId":1}
{"sessionId":11,"sessionStart":2.5597894191741945,"sessionEnd":3.7526180744171144,"userId":2}
{"sessionId":12,"sessionStart":2.455990791320801,"sessionEnd":3.1995160579681398,"userId":2}
{"sessionId":13,"sessionStart":2.5841426849365236,"sessionEnd":3.347334384918213,"userId":1}
{"sessionId":14,"sessionStart":2.4688374996185304,"sessionEnd":3.726672410964966,"userId":1}
{"sessionId":15,"sessionStart":2.488386631011963,"sessionEnd":3.236579656600952,"userId":2}
{"sessionId":16,"sessionStart":2.520770311355591,"sessionEnd":3.3381106853485109,"userId":3}
{"sessionId":17,"sessionStart":8.243786811828614,"sessionEnd":15.324605941772461,"userId":1}
{"sessionId":18,"sessionStart":2.239118814468384,"sessionEnd":25.227516174316408,"userId":0}
{"sessionId":19,"sessionStart":2.167940139770508,"sessionEnd":63.62007522583008,"userId":1}
{"sessionId":20,"sessionStart":6.009726524353027,"sessionEnd":18.386323928833009,"userId":4}
{"sessionId":21,"sessionStart":3.6563682556152345,"sessionEnd":20.875473022460939,"userId":0}
{"sessionId":22,"sessionStart":3.4609150886535646,"sessionEnd":22.530458450317384,"userId":1}
{"sessionId":23,"sessionStart":3.3583874702453615,"sessionEnd":46.39093017578125,"userId":3}
{"sessionId":24,"sessionStart":3.5506134033203127,"sessionEnd":27.890708923339845,"userId":4}
{"sessionId":25,"sessionStart":3.3069992065429689,"sessionEnd":16.037527084350587,"userId":4}
{"sessionId":26,"sessionStart":3.215989828109741,"sessionEnd":20.176515579223634,"userId":0}
{"sessionId":27,"sessionStart":3.197910785675049,"sessionEnd":69.51740264892578,"userId":4}
{"sessionId":28,"sessionStart":3.2802164554595949,"sessionEnd":13.63169002532959,"userId":4}
{"sessionId":29,"sessionStart":3.194960594177246,"sessionEnd":8.865958213806153,"userId":3}
{"sessionId":30,"sessionStart":3.3664937019348146,"sessionEnd":43.443973541259769,"userId":1}
{"sessionId":31,"sessionStart":3.182440996170044,"sessionEnd":135.314697265625,"userId":1}
{"sessionId":32,"sessionStart":3.115297555923462,"sessionEnd":63.2479133605957,"userId":0}
