{"sessionId":0,"sessionStart":2.540548801422119,"sessionEnd":133.81219482421876,"userId":0}
{"sessionId":1,"sessionStart":2.1001977920532228,"sessionEnd":49.34956359863281,"userId":0}
{"sessionId":2,"sessionStart":2.5413615703582765,"sessionEnd":62.84284973144531,"userId":0}
{"sessionId":3,"sessionStart":2.239118814468384,"sessionEnd":25.227516174316408,"userId":0}
{"sessionId":4,"sessionStart":2.167940139770508,"sessionEnd":63.62007522583008,"userId":1}}
{"sessionId":5,"sessionStart":3.3583874702453615,"sessionEnd":46.39093017578125,"userId":3}
{"sessionId":6,"sessionStart":3.197910785675049,"sessionEnd":69.51740264892578,"userId":4}
{"sessionId":7,"sessionStart":3.3664937019348146,"sessionEnd":43.443973541259769,"userId":1}
{"sessionId":8,"sessionStart":3.182440996170044,"sessionEnd":135.314697265625,"userId":1}
{"sessionId":9,"sessionStart":3.115297555923462,"sessionEnd":63.2479133605957,"userId":0}
{"sessionId":10,"sessionStart":2.5817840099334719,"sessionEnd":95.34964752197266,"userId":2}
{"sessionId":11,"sessionStart":2.499051570892334,"sessionEnd":94.28565979003906,"userId":1}
{"sessionId":12,"sessionStart":2.5166327953338625,"sessionEnd":83.55012512207031,"userId":3}
{"sessionId":13,"sessionStart":2.505432605743408,"sessionEnd":78.91239166259766,"userId":3}
{"sessionId":14,"sessionStart":2.5299220085144045,"sessionEnd":86.9828109741211,"userId":4}
{"sessionId":15,"sessionStart":2.4837372303009035,"sessionEnd":88.33769226074219,"userId":4}
{"sessionId":16,"sessionStart":2.5351998805999758,"sessionEnd":83.8536376953125,"userId":3}
{"sessionId":17,"sessionStart":2.474008798599243,"sessionEnd":77.33657836914063,"userId":4}
{"sessionId":18,"sessionStart":2.623345136642456,"sessionEnd":85.828857421875,"userId":4}
{"sessionId":19,"sessionStart":2.5250446796417238,"sessionEnd":74.6539077758789,"userId":0}
{"sessionId":20,"sessionStart":2.497981548309326,"sessionEnd":86.10743713378906,"userId":3}
{"sessionId":21,"sessionStart":2.504890203475952,"sessionEnd":86.82401275634766,"userId":0}
{"sessionId":22,"sessionStart":2.4653494358062746,"sessionEnd":71.83832550048828,"userId":2}
{"sessionId":23,"sessionStart":2.5105361938476564,"sessionEnd":74.5450210571289,"userId":1}
{"sessionId":24,"sessionStart":2.431399345397949,"sessionEnd":71.60865783691406,"userId":3}
{"sessionId":25,"sessionStart":2.59865665435791,"sessionEnd":88.12645721435547,"userId":1}
{"sessionId":26,"sessionStart":2.5073940753936769,"sessionEnd":73.81031036376953,"userId":2}
{"sessionId":27,"sessionStart":2.413780689239502,"sessionEnd":81.99285888671875,"userId":2}
{"sessionId":28,"sessionStart":2.585289716720581,"sessionEnd":94.4867935180664,"userId":2}
{"sessionId":29,"sessionStart":2.4339523315429689,"sessionEnd":72.48181915283203,"userId":0}
{"sessionId":30,"sessionStart":2.418728828430176,"sessionEnd":68.46147155761719,"userId":0}
{"sessionId":31,"sessionStart":2.420883893966675,"sessionEnd":71.77429962158203,"userId":2}
{"sessionId":32,"sessionStart":2.423520565032959,"sessionEnd":79.84058380126953,"userId":4}
{"sessionId":33,"sessionStart":2.4808220863342287,"sessionEnd":71.97504425048828,"userId":1}
{"sessionId":34,"sessionStart":2.493729829788208,"sessionEnd":71.53588104248047,"userId":0}
{"sessionId":35,"sessionStart":2.4806957244873049,"sessionEnd":69.1917495727539,"userId":0}
{"sessionId":36,"sessionStart":2.4245426654815676,"sessionEnd":74.25865936279297,"userId":4}
{"sessionId":37,"sessionStart":2.4512808322906496,"sessionEnd":83.11042785644531,"userId":2}
{"sessionId":38,"sessionStart":2.401794910430908,"sessionEnd":81.56764221191406,"userId":2}
{"sessionId":39,"sessionStart":2.485968589782715,"sessionEnd":73.52281188964844,"userId":4}
{"sessionId":40,"sessionStart":2.439894914627075,"sessionEnd":73.39026641845703,"userId":0}
{"sessionId":41,"sessionStart":2.4697299003601076,"sessionEnd":79.4690933227539,"userId":2}
{"sessionId":42,"sessionStart":2.4419286251068117,"sessionEnd":71.571533203125,"userId":4}
{"sessionId":43,"sessionStart":2.4040277004241945,"sessionEnd":68.29789733886719,"userId":3}
{"sessionId":44,"sessionStart":2.451740026473999,"sessionEnd":68.5212631225586,"userId":2}
{"sessionId":45,"sessionStart":2.381821632385254,"sessionEnd":68.91352844238281,"userId":4}
{"sessionId":46,"sessionStart":2.473597526550293,"sessionEnd":72.52827453613281,"userId":1}
{"sessionId":47,"sessionStart":2.4566452503204347,"sessionEnd":76.14820098876953,"userId":4}
{"sessionId":48,"sessionStart":2.4355533123016359,"sessionEnd":69.50743103027344,"userId":1}
{"sessionId":49,"sessionStart":2.5088021755218508,"sessionEnd":68.86627197265625,"userId":1}
