{"sessionId":0,"sessionStart":2.540548801422119,"sessionEnd":133.81219482421876,"userId":0}
{"sessionId":1,"sessionStart":2.4503743648529054,"sessionEnd":18.742876052856447,"userId":0}
{"sessionId":2,"sessionStart":2.1001977920532228,"sessionEnd":49.34956359863281,"userId":0}
{"sessionId":3,"sessionStart":2.66210675239563,"sessionEnd":5.052488327026367,"userId":0}
{"sessionId":4,"sessionStart":2.5413615703582765,"sessionEnd":62.84284973144531,"userId":0}
{"sessionId":5,"sessionStart":2.7071752548217775,"sessionEnd":3.7619261741638185,"userId":0}
{"sessionId":6,"sessionStart":2.486053705215454,"sessionEnd":14.113604545593262,"userId":0}
