{"sessionId":0,"sessionStart":2.540548801422119,"sessionEnd":133.81219482421876,"userId":0}
{"sessionId":1,"sessionStart":2.4503743648529054,"sessionEnd":18.742876052856447,"userId":0}
{"sessionId":2,"sessionStart":2.1001977920532228,"sessionEnd":49.34956359863281,"userId":0}
{"sessionId":3,"sessionStart":2.66210675239563,"sessionEnd":5.052488327026367,"userId":0}
{"sessionId":4,"sessionStart":2.5413615703582765,"sessionEnd":62.84284973144531,"userId":0}
{"sessionId":5,"sessionStart":2.7071752548217775,"sessionEnd":3.7619261741638185,"userId":0}
{"sessionId":6,"sessionStart":2.486053705215454,"sessionEnd":14.113604545593262,"userId":0}
{"sessionId":7,"sessionStart":2.6229052543640138,"sessionEnd":3.5234813690185549,"userId":4}
{"sessionId":8,"sessionStart":2.590938091278076,"sessionEnd":3.630153179168701,"userId":1}
{"sessionId":9,"sessionStart":2.467130184173584,"sessionEnd":3.282174825668335,"userId":2}
{"sessionId":10,"sessionStart":2.4559309482574465,"sessionEnd":3.2733747959136965,"userId":1}
{"sessionId":11,"sessionStart":2.5597894191741945,"sessionEnd":3.7526180744171144,"userId":2}
{"sessionId":12,"sessionStart":2.455990791320801,"sessionEnd":3.1995160579681398,"userId":2}
{"sessionId":13,"sessionStart":2.5841426849365236,"sessionEnd":3.347334384918213,"userId":1}
{"sessionId":14,"sessionStart":2.4688374996185304,"sessionEnd":3.726672410964966,"userId":1}
{"sessionId":15,"sessionStart":2.488386631011963,"sessionEnd":3.236579656600952,"userId":2}
{"sessionId":16,"sessionStart":2.520770311355591,"sessionEnd":3.3381106853485109,"userId":3}
