{"sessionId":0,"sessionStart":2.540548801422119,"sessionEnd":133.81219482421876,"userId":0}
{"sessionId":2,"sessionStart":2.1001977920532228,"sessionEnd":49.34956359863281,"userId":0}
{"sessionId":4,"sessionStart":2.5413615703582765,"sessionEnd":62.84284973144531,"userId":0}}
{"sessionId":18,"sessionStart":2.239118814468384,"sessionEnd":25.227516174316408,"userId":0}
{"sessionId":19,"sessionStart":2.167940139770508,"sessionEnd":63.62007522583008,"userId":1}}
{"sessionId":23,"sessionStart":3.3583874702453615,"sessionEnd":46.39093017578125,"userId":3}
{"sessionId":27,"sessionStart":3.197910785675049,"sessionEnd":69.51740264892578,"userId":4}
{"sessionId":30,"sessionStart":3.3664937019348146,"sessionEnd":43.443973541259769,"userId":1}
{"sessionId":31,"sessionStart":3.182440996170044,"sessionEnd":135.314697265625,"userId":1}
{"sessionId":32,"sessionStart":3.115297555923462,"sessionEnd":63.2479133605957,"userId":0}
{"sessionId":33,"sessionStart":2.5817840099334719,"sessionEnd":95.34964752197266,"userId":2}
{"sessionId":34,"sessionStart":2.499051570892334,"sessionEnd":94.28565979003906,"userId":1}
{"sessionId":35,"sessionStart":2.5166327953338625,"sessionEnd":83.55012512207031,"userId":3}
{"sessionId":36,"sessionStart":2.505432605743408,"sessionEnd":78.91239166259766,"userId":3}
{"sessionId":37,"sessionStart":2.5299220085144045,"sessionEnd":86.9828109741211,"userId":4}
{"sessionId":38,"sessionStart":2.4837372303009035,"sessionEnd":88.33769226074219,"userId":4}
{"sessionId":39,"sessionStart":2.5351998805999758,"sessionEnd":83.8536376953125,"userId":3}
{"sessionId":40,"sessionStart":2.474008798599243,"sessionEnd":77.33657836914063,"userId":4}
{"sessionId":41,"sessionStart":2.623345136642456,"sessionEnd":85.828857421875,"userId":4}
{"sessionId":42,"sessionStart":2.5250446796417238,"sessionEnd":74.6539077758789,"userId":0}
{"sessionId":43,"sessionStart":2.497981548309326,"sessionEnd":86.10743713378906,"userId":3}
{"sessionId":44,"sessionStart":2.504890203475952,"sessionEnd":86.82401275634766,"userId":0}
{"sessionId":45,"sessionStart":2.4653494358062746,"sessionEnd":71.83832550048828,"userId":2}
{"sessionId":46,"sessionStart":2.5105361938476564,"sessionEnd":74.5450210571289,"userId":1}
{"sessionId":47,"sessionStart":2.431399345397949,"sessionEnd":71.60865783691406,"userId":3}
{"sessionId":48,"sessionStart":2.59865665435791,"sessionEnd":88.12645721435547,"userId":1}
{"sessionId":49,"sessionStart":2.5073940753936769,"sessionEnd":73.81031036376953,"userId":2}
